{
  "(0.001, 85000000000000.0, -30.0)": {
    "dose_rates": [
      100.0
    ],
    "cce_values": [
      0.9975509436993634
    ],
    "cce_no_auger_ref": 0.9975509434185484,
    "V_bias": -30.0,
    "epi_thickness_cm": 0.001,
    "E_MeV": 62,
    "N_D_junction": 2900000000000000.0,
    "N_D_bulk": 85000000000000.0,
    "L_transition": 0.0001
  }
}