{
  "geometry": {
    "half_width_um": 150.0,
    "epi_um": 10.0
  },
  "bias_V": 50.0,
  "x_ion_um": 0.0,
  "LET_keV_um": [
    0.5,
    1.077217345015942,
    2.320794416806389,
    4.999999999999999,
    10.772173450159416,
    23.207944168063882,
    49.99999999999999,
    107.7217345015941,
    232.07944168063884,
    499.99999999999994
  ],
  "CCE": [
    1.0101239495474645,
    1.0101239450065607,
    1.0101239266243256,
    1.0101238789870073,
    1.0101237686418336,
    1.0101235234508366,
    1.0101229880707845,
    1.0101218273900752,
    1.0101193176738945,
    1.010113891352002
  ],
  "Q_generated_fC": [
    0.04781991419803273,
    0.10302488202258997,
    0.22196037976590982,
    0.47819914198032726,
    1.030248820225899,
    2.2196037976590985,
    4.781991419803273,
    10.302488202258983,
    22.19603797659098,
    47.81991419803273
  ],
  "Q_collected_fC": [
    0.0483040405967377,
    0.10406790026249407,
    0.22420749036416734,
    0.4830403722254268,
    1.040678820925388,
    2.2420740087562665,
    4.830399461900535,
    10.406768209530535,
    22.42064673597793,
    48.30355961469368
  ],
  "t_collection_ns": [
    0.028102436848064245,
    0.028102436848064245,
    0.028102436848064245,
    0.028102436848064245,
    0.028102436848064245,
    0.028102436848064245,
    0.028102436848064245,
    0.028102436848064245,
    0.028102436848064245,
    0.028102436848064245
  ]
}