{
  "geometry": {
    "half_width_um": 50.0,
    "epi_um": 10.0
  },
  "bias_V": 50.0,
  "x_ion_um": 0.0,
  "LET_keV_um": [
    0.5,
    0.7192249441438314,
    1.0345690405573948,
    1.488175720815659,
    2.1406661993596967,
    3.0792410553301317,
    4.429333952050413,
    6.3713749285156664,
    9.164903554162176,
    13.18325449365179,
    18.963450953661248,
    27.277973905842583,
    39.23799851757305,
    56.44189458423441,
    81.18883695943603,
    116.78607345450605,
    167.99091431418904,
    241.64651192858759,
    347.59639808878023,
    499.99999999999994
  ],
  "CCE": [
    1.0,
    1.0,
    1.0,
    1.0,
    1.0,
    1.0,
    1.0,
    1.0,
    1.0,
    1.0,
    1.0,
    1.0,
    1.0,
    1.0,
    1.0,
    1.0,
    1.0,
    1.0,
    1.0,
    1.0
  ],
  "Q_generated_fC": [
    0.04821278889498988,
    0.06935168080003486,
    0.0997589174993718,
    0.14349820373266953,
    0.20641497512873877,
    0.29691759791483485,
    0.4271010855512355,
    0.6143635087987142,
    0.883731120599527,
    1.2712029317027207,
    1.8285617150987283,
    2.6302943948108624,
    3.783546678379351,
    5.4424422968459325,
    7.828680513910081,
    11.261164610673765,
    16.198620976212663,
    23.3009045336473,
    33.51718352342645,
    48.21278889498988
  ],
  "Q_collected_fC": [
    0.04852318599483654,
    0.06979817138554253,
    0.10040117151513903,
    0.144422053093106,
    0.20774388402110516,
    0.29882916196663334,
    0.42985076407696027,
    0.6183187608932184,
    0.8894205043500386,
    1.2793867237116898,
    1.8403334775586986,
    2.647227042672068,
    3.807902523296309,
    5.47747504767685,
    7.879069404880896,
    11.333638284019838,
    16.3028536854651,
    23.45080275566718,
    33.732731431511915,
    48.52269205948218
  ],
  "t_collection_ns": [
    0.028102436848064245,
    0.028102436848064245,
    0.028102436848064245,
    0.028102436848064245,
    0.028102436848064245,
    0.028102436848064245,
    0.028102436848064245,
    0.028102436848064245,
    0.028102436848064245,
    0.028102436848064245,
    0.028102436848064245,
    0.028102436848064245,
    0.028102436848064245,
    0.028102436848064245,
    0.028102436848064245,
    0.028102436848064245,
    0.028102436848064245,
    0.028102436848064245,
    0.028102436848064245,
    0.028102436848064245
  ]
}