{
  "geometry": {
    "half_width_um": 150.0,
    "epi_um": 10.0
  },
  "bias_V": 50.0,
  "x_ion_um": 0.0,
  "LET_keV_um": [
    0.5,
    1.077217345015942,
    2.320794416806389,
    4.999999999999999,
    10.772173450159416,
    23.207944168063882,
    49.99999999999999,
    107.7217345015941,
    232.07944168063884,
    499.99999999999994
  ],
  "CCE": [
    1.0,
    1.0,
    1.0,
    1.0,
    1.0,
    1.0,
    1.0,
    1.0,
    1.0,
    1.0
  ],
  "Q_generated_fC": [
    0.04781991419803273,
    0.10302488202258997,
    0.22196037976590982,
    0.47819914198032726,
    1.030248820225899,
    2.2196037976590985,
    4.781991419803273,
    10.302488202258983,
    22.19603797659098,
    47.81991419803273
  ],
  "Q_collected_fC": [
    0.04812779110647059,
    0.10368818223202984,
    0.22338941259970263,
    0.48127787679829787,
    1.036881638187203,
    2.2338932198160317,
    4.812774455202213,
    10.368796138811755,
    22.33883771716224,
    48.12730430603211
  ],
  "t_collection_ns": [
    0.028102436848064245,
    0.028102436848064245,
    0.028102436848064245,
    0.028102436848064245,
    0.028102436848064245,
    0.028102436848064245,
    0.028102436848064245,
    0.028102436848064245,
    0.028102436848064245,
    0.028102436848064245
  ]
}