{
  "geometry": {
    "half_width_um": 50.0,
    "epi_um": 10.0
  },
  "bias_V": 50.0,
  "x_ion_um": 0.0,
  "LET_keV_um": [
    0.5,
    0.7192249441438314,
    1.0345690405573948,
    1.488175720815659,
    2.1406661993596967,
    3.0792410553301317,
    4.429333952050413,
    6.3713749285156664,
    9.164903554162176,
    13.18325449365179,
    18.963450953661248,
    27.277973905842583,
    39.23799851757305,
    56.44189458423441,
    81.18883695943603,
    116.78607345450605,
    167.99091431418904,
    241.64651192858759,
    347.59639808878023,
    499.99999999999994
  ],
  "CCE": [
    1.0101237572592907,
    1.01012375604417,
    1.01012375294234,
    1.0101237470824365,
    1.0101237369871012,
    1.0101237210641134,
    1.0101236966442808,
    1.0101236602145902,
    1.0101236063768837,
    1.010123527585818,
    1.010123412932426,
    1.010123246724979,
    1.0101230063639142,
    1.0101226593464256,
    1.0101221588700484,
    1.0101214375410872,
    1.010120398266452,
    1.0101189010538898,
    1.010116743876479,
    1.0101136347514355
  ],
  "Q_generated_fC": [
    0.04821278889498988,
    0.06935168080003486,
    0.0997589174993718,
    0.14349820373266953,
    0.20641497512873877,
    0.29691759791483485,
    0.4271010855512355,
    0.6143635087987142,
    0.883731120599527,
    1.2712029317027207,
    1.8285617150987283,
    2.6302943948108624,
    3.783546678379351,
    5.4424422968459325,
    7.828680513910081,
    11.261164610673765,
    16.198620976212663,
    23.3009045336473,
    33.51718352342645,
    48.21278889498988
  ],
  "Q_collected_fC": [
    0.04870088346655618,
    0.07005378029770758,
    0.1007688521339307,
    0.14495094325404304,
    0.20850466604714116,
    0.2999235088551513,
    0.4314249273777993,
    0.6205831162100358,
    0.892677666607479,
    1.2840719896489858,
    1.8470730004130977,
    2.6569215139288618,
    3.8218475454827514,
    5.497534286229483,
    7.907923661814731,
    11.375143784920601,
    16.362557471859237,
    23.53668408108941,
    33.85626828459391,
    48.70039543222187
  ],
  "t_collection_ns": [
    0.028102436848064245,
    0.028102436848064245,
    0.028102436848064245,
    0.028102436848064245,
    0.028102436848064245,
    0.028102436848064245,
    0.028102436848064245,
    0.028102436848064245,
    0.028102436848064245,
    0.028102436848064245,
    0.028102436848064245,
    0.028102436848064245,
    0.028102436848064245,
    0.028102436848064245,
    0.028102436848064245,
    0.028102436848064245,
    0.028102436848064245,
    0.028102436848064245,
    0.028102436848064245,
    0.028102436848064245
  ]
}